{
  "sea_level": -96,
  "disable_mob_generation": false,
  "aquifers_enabled": false,
  "ore_veins_enabled": false,
  "legacy_random_source": false,
  "default_block": {
    "Name": "minecraft:end_stone"
  },
  "default_fluid": {
    "Name": "minecraft:air"
  },
  "noise": {
    "min_y": 0,
    "height": 288,
    "size_horizontal": 1,
    "size_vertical": 1,
    "sampling": {
      "xz_scale": 0.875,
      "y_scale": 1.65,
      "xz_factor": 300,
      "y_factor": 225
    },
    "bottom_slide": {
      "target": -0.234375,
      "size": 7,
      "offset": 1
    },
    "top_slide": {
      "target": -10,
      "size": 64,
      "offset": -50
    },
    "terrain_shaper": 
    {
      "offset": {
        "coordinate": "continents",
        "points": [
          {
            "location": 0,
            "derivative": 0,
            "value": {
              "coordinate": "erosion",
              "points": [
                {
                  "location": -0.3,
                  "derivative": 0,
                  "value": {
                    "coordinate": "weirdness",
                    "points": [
                      {
                        "location": -0.3,
                        "derivative": -0.55,
                        "value": -0.2
                      },
                      {
                        "location": -0.185,
                        "derivative": 0,
                        "value": -0.5
                      },
                      {
                        "location": -0.125,
                        "derivative": 0,
                        "value": -4
                      },
                      {
                        "location": 0.125,
                        "derivative": 0,
                        "value": -4
                      },
                      {
                        "location": 0.185,
                        "derivative": 0,
                        "value": -0.5
                      },
                      {
                        "location": 0.3,
                        "derivative": 0.7,
                        "value": -0.2
                      }
                    ]
                  }
                },
                {
                  "location": 0,
                  "derivative": 0,
                  "value": -0.75
                },
                {
                  "location": 0.2,
                  "derivative": 0,
                  "value": -0.915
                },
                {
                  "location": 0.5,
                  "derivative": 0,
                  "value": -1.65
                }
              ]
            }
          },
          {
            "location": 0.135,
            "derivative": 0,
            "value": -0.75
          },
          {
            "location": 0.14,
            "derivative": -20,
            "value": -0.915
          },
          {
            "location": 0.2,
            "derivative": 0,
            "value": -4
          },
          {
            "location": 0.3,
            "derivative": -0.5,
            "value": {
              "coordinate": "erosion",
              "points": [
                {
                  "location": -0.3,
                  "derivative": 0,
                  "value": {
                    "coordinate": "weirdness",
                    "points": [
                      {
                        "location": -0.7,
                        "derivative": 1,
                        "value": 1
                      },
                      {
                        "location": -0.05,
                        "derivative": -1.5,
                        "value": {
                          "coordinate": "continents",
                          "points": [
                            {
                              "location": 0.3,
                              "derivative": 0.4,
                              "value": -0.2
                            }
                          ]
                        }
                      },
                      {
                        "location": 0.05,
                        "derivative": 1.5,
                        "value": {
                          "coordinate": "continents",
                          "points": [
                            {
                              "location": 0.3,
                              "derivative": 0.4,
                              "value": -0.2
                            }
                          ]
                        }
                      },
                      {
                        "location": 0.7,
                        "derivative": -1,
                        "value": 1
                      }
                    ]
                  }
                },
                {
                  "location": 0,
                  "derivative": 0,
                  "value": {
                    "coordinate": "weirdness",
                    "points": [
                      {
                        "location": -0.4,
                        "derivative": -0.2,
                        "value": -0.085
                      },
                      {
                        "location": -0.2,
                        "derivative": -0.5,
                        "value": -0.35
                      },
                      {
                        "location": -0.15,
                        "derivative": -1,
                        "value": -0.35
                      },
                      {
                        "location": 0.15,
                        "derivative": 1,
                        "value": -0.35
                      },
                      {
                        "location": 0.2,
                        "derivative": 0,
                        "value": -0.1
                      },
                      {
                        "location": 0.4,
                        "derivative": 1,
                        "value": -0.085
                      },
                      {
                        "location": 0.975,
                        "derivative": -1,
                        "value": 0.3
                      }
                    ]
                  }
                },
                {
                  "location": 0.3,
                  "derivative": 0,
                  "value": {
                    "coordinate": "weirdness",
                    "points": [
                      {
                        "location": -0.65,
                        "derivative": 0,
                        "value": {
                          "coordinate": "continents",
                          "points": [
                            {
                              "location": 0.65,
                              "derivative": 0.25,
                              "value": 1
                            }
                          ]
                        }
                      },
                      {
                        "location": -0.625,
                        "derivative": 0,
                        "value": {
                          "coordinate": "erosion",
                          "points": [
                            {
                              "location": 0.4,
                              "derivative": -0.25,
                              "value": 0.66666
                            }
                          ]
                        }
                      },
                      {
                        "location": -0.475,
                        "derivative": 0,
                        "value": {
                          "coordinate": "erosion",
                          "points": [
                            {
                              "location": 0.4,
                              "derivative": -0.25,
                              "value": 0.66
                            }
                          ]
                        }
                      },
                      {
                        "location": -0.45,
                        "derivative": 0,
                        "value": {
                          "coordinate": "continents",
                          "points": [
                            {
                              "location": 0.65,
                              "derivative": -0.25,
                              "value": 0.33
                            }
                          ]
                        }
                      },
                      {
                        "location": -0.275,
                        "derivative": 0,
                        "value": 0.33
                      },
                      {
                        "location": -0.25,
                        "derivative": 0,
                        "value": 0.025
                      },
                      {
                        "location": -0.18,
                        "derivative": 0,
                        "value": 0
                      },
                      {
                        "location": -0.135,
                        "derivative": -1.75,
                        "value": {
                          "coordinate": "continents",
                          "points": [
                            {
                              "location": 0.3,
                              "derivative": 0.4,
                              "value": -0.2
                            }
                          ]
                        }
                      },
                      {
                        "location": -0.05,
                        "derivative": -0.25,
                        "value": {
                          "coordinate": "continents",
                          "points": [
                            {
                              "location": 0.3,
                              "derivative": 0.4,
                              "value": -0.25
                            }
                          ]
                        }
                      }
                    ]
                  }
                }
              ]
            }
          }
        ]
      },
      "factor": {
        "coordinate": "continents",
        "points": [
          {
            "location": 0,
            "derivative": 0,
            "value": {
              "coordinate": "erosion",
              "points": [
                {
                  "location": -0.15,
                  "derivative": 0,
                  "value": 2
                },
                {
                  "location": -0.1,
                  "derivative": 0,
                  "value": 0.25
                }
              ]
            }
          },
          {
            "location": 0.15,
            "derivative": 0,
            "value": 0.25
          },
          {
            "location": 0.175,
            "derivative": 20,
            "value": 0.275
          },
          {
            "location": 0.3,
            "derivative": 0,
            "value": 3
          }
        ]
      },
      "jaggedness": {
        "coordinate": "continents",
        "points": [
          {
            "location": 0,
            "derivative": 0,
            "value": {
              "coordinate": "erosion",
              "points": [
                {
                  "location": 0.3,
                  "derivative": 0,
                  "value": 0
                },
                {
                  "location": 0.4,
                  "derivative": 0,
                  "value": {
                    "coordinate": "weirdness",
                    "points": [
                      {
                        "location": 0,
                        "derivative": 1.75,
                        "value": 0
                      }
                    ]
                  }
                }
              ]
            }
          },
          {
            "location": 0.15,
            "derivative": 0,
            "value": 0
          },
          {
            "location": 0.3,
            "derivative": 0,
            "value": {
              "coordinate": "erosion",
              "points": [
                {
                  "location": -0.3,
                  "derivative": 0,
                  "value": {
                    "coordinate": "weirdness",
                    "points": [
                      {
                        "location": -0.5,
                        "derivative": 0,
                        "value": 0.65
                      },
                      {
                        "location": -0.3,
                        "derivative": -3,
                        "value": 0
                      },
                      {
                        "location": 0,
                        "derivative": 0,
                        "value": 0
                      },
                      {
                        "location": 0.3,
                        "derivative": 4,
                        "value": 0
                      },
                      {
                        "location": 0.5,
                        "derivative": 0,
                        "value": 0.85
                      }
                    ]
                  }
                },
                {
                  "location": 0,
                  "derivative": 0,
                  "value": {
                    "coordinate": "weirdness",
                    "points": [
                      {
                        "location": -0.5,
                        "derivative": 0,
                        "value": 0.15
                      },
                      {
                        "location": -0.3,
                        "derivative": 1.5,
                        "value": 0
                      },
                      {
                        "location": 0,
                        "derivative": 0,
                        "value": 0
                      }
                    ]
                  }
                },
                {
                  "location": 0.3,
                  "derivative": 0,
                  "value": {
                    "coordinate": "weirdness",
                    "points": [
                      {
                        "location": -0.5,
                        "derivative": 0,
                        "value": 0
                      },
                      {
                        "location": -0.3,
                        "derivative": 0,
                        "value": 0
                      },
                      {
                        "location": 0,
                        "derivative": 0,
                        "value": 0
                      },
                      {
                        "location": 0.3,
                        "derivative": 0,
                        "value": 0
                      },
                      {
                        "location": 0.5,
                        "derivative": 0,
                        "value": 0
                      }
                    ]
                  }
                }
              ]
            }
          }
        ]
      }
    }
  },
  "surface_rule": {
    "type": "minecraft:sequence",
    "sequence": [
      {
        "type": "minecraft:sequence",
        "sequence": [
          {
            "type": "minecraft:condition",
            "if_true": {
              "type": "minecraft:biome",
              "biome_is": [
                "nullscape:shadowlands"
              ]
            },
            "then_run": {
              "type": "minecraft:sequence",
              "sequence": [
                {
                  "type": "minecraft:condition",
                  "if_true": {
                    "type": "minecraft:stone_depth",
                    "offset": 7,
                    "surface_type": "ceiling",
                    "add_surface_depth": true,
                    "secondary_depth_range": 6
                  },
                  "then_run": {
                    "type": "minecraft:sequence",
                    "sequence": [
                      {
                        "type": "minecraft:condition",
                        "if_true": {
                          "type": "minecraft:noise_threshold",
                          "noise": "nullscape:shadowlands/fire",
                          "min_threshold": 0.2,
                          "max_threshold": 1e+308
                        },
                        "then_run": {
                          "type": "minecraft:block",
                          "result_state": {
                            "Name": "minecraft:dead_fire_coral_block"
                          }
                        }
                      },
                      {
                        "type": "minecraft:condition",
                        "if_true": {
                          "type": "minecraft:noise_threshold",
                          "noise": "nullscape:shadowlands/bubble",
                          "min_threshold": 0.15,
                          "max_threshold": 1e+308
                        },
                        "then_run": {
                          "type": "minecraft:block",
                          "result_state": {
                            "Name": "minecraft:dead_bubble_coral_block"
                          }
                        }
                      },
                      {
                        "type": "minecraft:condition",
                        "if_true": {
                          "type": "minecraft:noise_threshold",
                          "noise": "nullscape:shadowlands/horn",
                          "min_threshold": 0.1,
                          "max_threshold": 1e+308
                        },
                        "then_run": {
                          "type": "minecraft:block",
                          "result_state": {
                            "Name": "minecraft:dead_horn_coral_block"
                          }
                        }
                      },
                      {
                        "type": "minecraft:block",
                        "result_state": {
                          "Name": "minecraft:dead_tube_coral_block"
                        }
                      }
                    ]
                  }
                },
                {
                  "type": "minecraft:condition",
                  "if_true": {
                    "type": "minecraft:stone_depth",
                    "offset": 7,
                    "surface_type": "floor",
                    "add_surface_depth": true,
                    "secondary_depth_range": 6
                  },
                  "then_run": {
                    "type": "minecraft:sequence",
                    "sequence": [
                      {
                        "type": "minecraft:condition",
                        "if_true": {
                          "type": "minecraft:noise_threshold",
                          "noise": "nullscape:shadowlands/fire",
                          "min_threshold": 0.2,
                          "max_threshold": 1e+308
                        },
                        "then_run": {
                          "type": "minecraft:block",
                          "result_state": {
                            "Name": "minecraft:dead_fire_coral_block"
                          }
                        }
                      },
                      {
                        "type": "minecraft:condition",
                        "if_true": {
                          "type": "minecraft:noise_threshold",
                          "noise": "nullscape:shadowlands/bubble",
                          "min_threshold": 0.15,
                          "max_threshold": 1e+308
                        },
                        "then_run": {
                          "type": "minecraft:block",
                          "result_state": {
                            "Name": "minecraft:dead_bubble_coral_block"
                          }
                        }
                      },
                      {
                        "type": "minecraft:condition",
                        "if_true": {
                          "type": "minecraft:noise_threshold",
                          "noise": "nullscape:shadowlands/horn",
                          "min_threshold": 0.1,
                          "max_threshold": 1e+308
                        },
                        "then_run": {
                          "type": "minecraft:block",
                          "result_state": {
                            "Name": "minecraft:dead_horn_coral_block"
                          }
                        }
                      },
                      {
                        "type": "minecraft:block",
                        "result_state": {
                          "Name": "minecraft:dead_tube_coral_block"
                        }
                      }
                    ]
                  }
                }
              ]
            }
          },
          {
            "type": "minecraft:condition",
            "if_true": {
              "type": "minecraft:biome",
              "biome_is": [
                "minecraft:end_midlands"
              ]
            },
            "then_run": {
              "type": "minecraft:sequence",
              "sequence": [
                {
                  "type": "minecraft:condition",
                  "if_true": {
                    "type": "minecraft:noise_threshold",
                    "noise": "nullscape:crystal/surface",
                    "min_threshold": -0.25,
                    "max_threshold": 0.25
                  },
                  "then_run": {
                    "type": "minecraft:block",
                    "result_state": {
                      "Name": "minecraft:blackstone"
                    }
                  }
                },
                {
                  "type": "minecraft:condition",
                  "if_true": {
                    "type": "minecraft:noise_threshold",
                    "noise": "nullscape:crystal/surface",
                    "min_threshold": -0.575,
                    "max_threshold": 0.575
                  },
                  "then_run": {
                    "type": "minecraft:block",
                    "result_state": {
                      "Name": "minecraft:smooth_basalt"
                    }
                  }
                },
                {
                  "type": "minecraft:condition",
                  "if_true": {
                    "type": "minecraft:noise_threshold",
                    "noise": "nullscape:crystal/surface",
                    "min_threshold": -1e+308,
                    "max_threshold": 1e+308
                  },
                  "then_run": {
                    "type": "minecraft:block",
                    "result_state": {
                      "Name": "minecraft:basalt",
                      "Properties": {
                        "axis": "y"
                      }
                    }
                  }
                }
              ]
            }
          }
        ]
      },
      {
        "type": "minecraft:condition",
        "if_true": {
          "type": "minecraft:biome",
          "biome_is": [
            "nullscape:crystal_peaks"
          ]
        },
        "then_run": {
          "type": "minecraft:block",
          "result_state": {
            "Name": "minecraft:blackstone"
          }
        }
      },
      {
        "type": "minecraft:block",
        "result_state": {
          "Name": "minecraft:end_stone"
        }
      }
    ]
  },
  "noise_router": {
    "final_density": {
      "argument1": {
        "argument": {
          "argument1": 0.64,
          "argument2": {
            "argument": {
              "argument": {
                "argument": {
                  "max_exclusive": 1.5625,
                  "when_in_range": {
                    "argument1": "nullscape:sloped_cheese",
                    "argument2": {
                      "argument1": 5,
                      "argument2": "minecraft:overworld/caves/entrances",
                      "type": "minecraft:mul"
                    },
                    "type": "minecraft:min"
                  },
                  "when_out_of_range": {
                    "argument1": {
                      "argument1": {
                        "argument1": {
                          "argument1": {
                            "argument1": 4,
                            "argument2": {
                              "argument": {
                                "noise": "minecraft:cave_layer",
                                "xz_scale": 1,
                                "y_scale": 8,
                                "type": "minecraft:noise"
                              },
                              "type": "minecraft:square"
                            },
                            "type": "minecraft:mul"
                          },
                          "argument2": {
                            "argument1": {
                              "input": {
                                "argument1": 0.27,
                                "argument2": {
                                  "noise": "minecraft:cave_cheese",
                                  "xz_scale": 1,
                                  "y_scale": 0.6666666666666666,
                                  "type": "minecraft:noise"
                                },
                                "type": "minecraft:add"
                              },
                              "min": -1,
                              "max": 1,
                              "type": "minecraft:clamp"
                            },
                            "argument2": {
                              "input": {
                                "argument1": 1.5,
                                "argument2": {
                                  "argument1": -0.64,
                                  "argument2": "nullscape:sloped_cheese",
                                  "type": "minecraft:mul"
                                },
                                "type": "minecraft:add"
                              },
                              "min": 0,
                              "max": 0.5,
                              "type": "minecraft:clamp"
                            },
                            "type": "minecraft:add"
                          },
                          "type": "minecraft:add"
                        },
                        "argument2": "minecraft:overworld/caves/entrances",
                        "type": "minecraft:min"
                      },
                      "argument2": {
                        "argument1": "minecraft:overworld/caves/spaghetti_2d",
                        "argument2": "minecraft:overworld/caves/spaghetti_roughness_function",
                        "type": "minecraft:add"
                      },
                      "type": "minecraft:min"
                    },
                    "argument2": {
                      "max_exclusive": 0.03,
                      "when_in_range": -1000000,
                      "when_out_of_range": "minecraft:overworld/caves/pillars",
                      "input": "minecraft:overworld/caves/pillars",
                      "min_inclusive": -1000000,
                      "type": "minecraft:range_choice"
                    },
                    "type": "minecraft:max"
                  },
                  "input": "nullscape:sloped_cheese",
                  "min_inclusive": -1000000,
                  "type": "minecraft:range_choice"
                },
                "type": "minecraft:slide"
              },
              "type": "minecraft:blend_density"
            },
            "type": "minecraft:interpolated"
          },
          "type": "minecraft:mul"
        },
        "type": "minecraft:squeeze"
      },
      "argument2": "minecraft:overworld/caves/noodle",
      "type": "minecraft:min"
    },
    "vein_toggle": 0,
    "vein_ridged": 0,
    "vein_gap": 0,
    "erosion": "minecraft:overworld/erosion",
    "depth": "minecraft:overworld/depth",
    "ridges": "minecraft:overworld/ridges",
    "initial_density_without_jaggedness": {
      "argument1": 4,
      "argument2": {
        "argument": {
          "argument1": "minecraft:overworld/depth",
          "argument2": {
            "argument": "minecraft:overworld/factor",
            "type": "minecraft:cache_2d"
          },
          "type": "minecraft:mul"
        },
        "type": "minecraft:quarter_negative"
      },
      "type": "minecraft:mul"
    },
    "lava": 0,
    "temperature": {
      "xz_scale": 0.25,
      "y_scale": 0,
      "noise": "minecraft:temperature",
      "shift_x": "minecraft:shift_x",
      "shift_y": 0,
      "shift_z": "minecraft:shift_z",
      "type": "minecraft:shifted_noise"
    },
    "vegetation": {
      "xz_scale": 0.25,
      "y_scale": 0,
      "noise": "minecraft:vegetation",
      "shift_x": "minecraft:shift_x",
      "shift_y": 0,
      "shift_z": "minecraft:shift_z",
      "type": "minecraft:shifted_noise"
    },
    "continents": "minecraft:overworld/continents",
    "barrier": 0,
    "fluid_level_floodedness": 0,
    "fluid_level_spread": 0
  }
}
